#,Statement,Sources Retrieved,Sources Dropped,Reports Retrieved,Reports Dropped,Entities Retrieved,Entities Dropped,Relationships Retrieved,Relationships Dropped,Cross-type resolutions
1,"Overall classification precedent: multi‑service, multi‑site incidents that cross identity/mail/Direct‑Routing/print domains were handled as engineering (2nd‑level) incidents and required cross‑team escalation in the indexed cases","0, 8, 16, 23, 28",,,,,,,,
2,"Prior incidents with the same symptom class required application‑team and vendor escalation, FRDB/Data‑Mart resets and Microsoft support case opening (example: FRDB/Data Mart remediation and Microsoft support case #2404050050000982). The recorded remediation included FRDB / Data Mart actions and escalation to Microsoft support","0, 11",,,,,,,,
3,"Prior cases showed Exchange Event Log evidence with ""535 5.7.3 Authentication unsuccessful"" and tenant Security Defaults / Conditional Access blocking SMTP AUTH for legacy clients; remediation recorded in the ticket was to selectively re‑enable SMTP AUTH or adjust Conditional Access and then monitor mailflow",32,,,,,,,,
4,"A documented incident (TI‑1607314) found tenant External Access / Presence settings (AllowPublicUsers, AllowFederatedUsers, EnablePresencePrivacyMode / Presence Sharing policy) had been tightened and that reverting/adjusting these settings (via Teams admin / PowerShell) restored external presence; Teams Admin Center / Get‑CsTenantFederationConfiguration were used during troubleshooting",26,,,,,,,,
5,The Zurich one‑way audio case was traced to a weekend firewall security‑hardening change that limited outbound UDP ports (allowed only 3478–3481 and blocked the dynamic RTP range). Temporary opening of the wider RTP range restored media in tests; a permanent correction aligned the firewall to the Direct‑Routing / media‑flow blueprint,23,,5,,,,,,
6,"The Basel case was diagnosed as a NAT/UDP session timeout mismatch on the Voice VLAN (session timeout ~30s), validated with SBC/session tests, and fixed by aligning NAT/session timeouts to the Direct‑Routing blueprint; SBC logs showed SBC‑originated BYE at ~29–31s during the failing calls",16,,10,,,,,,
7,"The recorded investigation shows the carrier confirmed delivery of calls to the SIP trunk/SBC, but the SBC translation/normalization table lacked the new range. Applying a temporary translation rule validated call delivery; a permanent translation/routing update was then applied and validated",8,,,,,,,,
8,. The indexed records do not contain the carrier CDR files themselves — only the carrier confirmation and SBC log findings,8,,,,,,,,
9,GPO not applied / new user: gpupdate /force + re‑login successfully applied printer mappings in user sessions,39,,,,,,,,
10,Queue paused / jobs stuck: re‑activate server queue and restart jobs (worked in a recorded ticket),27,,,,,,,,
11,"Printer queue/share corruption after Windows update + VM restore (SAP print servers VRINFRGERPRNT03/04): spooler restart did not help, a VM restore was performed and then administrators cleared SAP backlog by disabling/re‑enabling the printer network share — that action cleared queued jobs and restored printing in that incident","28, 29",,,,,,,,
12,Access Denied was resolved in one case by removing an explicit Deny ACE on the queue,3,,,,,,,,
13,Basel printer jobs briefly appearing then vanishing were tied to reachability/routing/firewall between print server and the printer; a firewall/routing adjustment restored printing,22,,,,,,,,
14,"The indexed records do not contain your tenant’s live D365/AOS/IIS logs, Exchange Event Log exports for your hosts, SBC logs/pcaps for the weekend window, firewall/WAF change diffs from your devices, or the print‑server Event Log/spooler crash dumps for your environment. Those live artifacts are required to prove root cause and to take a targeted fix. The prior cases document the investigative artefacts that were used, but they do not contain your environment’s current logs","0, 8, 23, 28, 32",,,,,,,,
15,"Based on the breadth of services affected (D365, Exchange/SMTP, Teams/Direct‑Routing, SBC/carrier handoff, printing + AD/GPO), prior similar cases were handled as second_level_support and required coordinated engineering teams: Identity/AD, Exchange/Mail, Unified Communications / SBC, Network/Firewall, Print Infrastructure and Application/D365 teams","0, 8, 16, 23, 28",,,,,,,,
16,. Recommendation (classification): classify this ticket as second_level_support (escalate immediately). This matches the precedent in the indexed incidents,"0, 8, 16",,,,,,,,
17,"Action (recommended): Immediately open a 2nd‑level incident bridge and notify Network/Firewall, UC/SBC, Mail/Exchange Hybrid, D365/AppOps, Print Infrastructure/Core Engineering, and Identity/AzureAD owners. The indexed cases show these domains were engaged in prior multi‑service incidents","0, 8, 23, 28",,,,,,,,
18,"D365/App: AOS server logs, Report Designer error traces, Data Mart / FRDB export or reset logs, and the Microsoft support package if already opened","0, 11",,,,,,,,
19,"Exchange/Mail: on‑prem Exchange Event Log extracts (filter for ""535 5.7.3 Authentication unsuccessful"" and related SMTP auth events), Message Trace exports, hybrid connector logs, and Conditional Access audit events",32,,,,,,,,
20,"Teams/UC: Teams Admin Center diagnostics, Get‑CsTenantFederationConfiguration output, Teams call records/call analytics (if available), SBC SIP traces (INVITE/200/404/BYE), and SBC CDRs — note that prior incidents used SBC logs and carrier confirmations as primary evidence","26, 8, 16",,,,,,,,
21,"Network/Firewall/WAF: firewall/WAF change logs and configuration diffs for the weekend (device audit export), and firewall logs showing blocked RTP/UDP for Zurich case reference","15, 23",,,,,,,,
22,"Printing: PrintServer System/Application/PrintService event logs, spooler state, any kernel crash dumps (if BSODs), published SMB share enable/disable timestamps, and GPO application traces (gpupdate attempts). Previous print incidents explicitly asked for these","28, 29, 39",,,,,,,,
23,"D365: attempt to reproduce the Report Designer failure in a controlled session and capture AOS/IIS error logs. Prior cases escalated when report metadata (authors = ""unknown"") and FRDB corruption were present; FRDB/Data Mart reset and Microsoft escalation were the recorded remediation path where in‑place recovery failed","0, 11",,,,,,,,
24,"If a vendor case does not already exist, open Microsoft support (the records cite a Microsoft case for a similar problem)",0,,,,,,,,
25,"Exchange/Outlook send failures: confirm that the same message sends successfully from OWA/mobile (as you observed). Collect the on‑prem Exchange Event Log entries with the ""535 5.7.3 Authentication unsuccessful"" string if present — prior ticket used that exact Event Log string as the diagnostic trigger and then adjusted Conditional Access/SMTP AUTH settings",32,,,,,,,,
26,"Teams presence: run Get‑CsTenantFederationConfiguration and review External Access/Presence settings. In the recorded case, adjusting AllowPublicUsers / EnablePresencePrivacyMode / Presence Sharing fixed external presence for partners",26,,,,,,,,
27,"Zurich audio: run a controlled test call while temporarily opening the broader dynamic RTP port range (as a test) — prior Zurich case used temporary port relaxation to prove the firewall was blocking media; once validated, apply permanent firewall config aligned to the Direct‑Routing blueprint",23,,5,,,,,,
28,Basel ~30s drops: capture SBC logs for failing calls (SIP traces). Prior incidents showed SBC BYE at ~29–31s and were remediated by aligning NAT/session timeouts and Session‑Expires to the Direct‑Routing blueprint,16,,10,,,,,,
29,"New hotline numbers: check SBC translation/normalization table for the new range; the indexed record shows a missing translation entry caused immediate failures and adding a temporary translation rule validated delivery, then a permanent update was applied",8,,,,,,,,
30,". If carrier correlation is needed, request carrier CDRs (records show carrier confirmed delivery but the carrier traces were not attached in the indexed tickets)",8,,,,,,,,
31,"Teams/Firewall (Zurich): if temporary RTP port opening restores media in tests, then align firewall rules to allow the dynamic RTP range used by Teams Media Bypass per the Direct‑Routing blueprint and monitor 48 h (the Zurich record did exactly this and validated stability after 48h)",23,,5,,,,,,
32,"SBC / new numbers: if SBC translation entry is missing, apply the temporary translation rule to validate calls, then make the permanent translation/routing table change and validate with test calls as recorded in TI‑1612036",8,,,,,,,,
33,Basel ~30s drops: update NAT/session timeout and SBC session parameters to match blueprint (documented fix) and validate with test calls (prior case applied permanent timeout change after temporary test proved success),16,,,,,,,,
34,"If queue is ""Paused"": reactivate queue and restart jobs (documented success)",27,,,,,,,,
35,If GPO mapping missing for a user: perform gpupdate /force and require a re‑login (documented successful step),39,,,,,,,,
36,"If SMB/share corruption suspected after a VM restore/Windows update (SAP case): disabling and re‑enabling the network share cleared the backlog in the prior incident; if BSODs followed a restore, preserve crash dumps and escalate to Core Engineering for forensic analysis / Windows rollback discussion","28, 29",,,,,,,,
37,"If ""Access Denied"" for a single user: check for explicit Deny ACE and remove if found (documented fix)",3,,,,,,,,
38,If jobs appear then vanish and ping fails from server to printer: check network/firewall routing between print server and printer VLAN — firewall rule change restored reachability in the Basel case,22,,,,,,,,
39,"D365: if in‑place remediations fail, escalate to Microsoft (the prior incident opened a Microsoft support case and performed FRDB/Data Mart actions)","0, 11",,,,,,,,
40,"Exchange: if Event Log 535 entries persist after Conditional Access adjustments, escalate to Mail/Infra engineering with exported Event Log lines, Message Trace and hybrid connector logs (the prior case used those artifacts to conclude tenant Security Defaults/CA changes were the cause)",32,,,,,,,,
41,"UC/SBC: if media or call‑routing persists, escalate UC/Network with SBC SIP traces, SBC CDRs, Teams Admin Center call records and carrier CDRs — the prior SBC/number incidents coordinated carrier + SBC + UC engineering","8, 16, 23",,,,,,,,
42,"Print: if VM restore caused BSODs or persistent corruption, escalate to Core Engineering / virtualization team with VM snapshot/restore context (INTER12203 / INTER12204 were recorded restore contexts in the SAP case), crash dumps and hypervisor logs (the SAP case explicitly requested rollback/forensic capture)","28, 29",,,,,,,,
43,"Open 2nd‑level incident and invite: Network/Firewall (perimeter), Unified Communications / SBC, Mail (Exchange), D365/AppOps, Print Infrastructure / Core Engineering, Identity/Azure AD. Prior multi‑domain incidents used this cross‑team escalation pattern","0, 8, 23, 28",,,,,,,,
44,D365: AOS/IIS error traces and Report Designer error dumps; Data Mart / FRDB logs; any vendor/Microsoft SR numbers,0,,,,,,,,
45,"Exchange: Windows Event Log export around failure times (look for 535 5.7.3), Message Trace, hybrid connector logs and Conditional Access audit logs",32,,,,,,,,
46,"Teams / UC: Teams Admin Center call diagnostics, Get‑CsTenantFederationConfiguration output, SBC SIP traces/CDR slices for failing call timestamps, and firewall/WAF diffs for the weekend window","26, 8, 23",,,,,,,,
47,Network/Firewall: firewall device config diff / audit export for the weekend (the Zurich WAF/firewall change was proven by device audit/inspection in the prior case),"15, 23",,,,,,,,
48,"Print: PrintService operational logs, spooler state, gpupdate logs, queue state, SMB share enable/disable timestamps, VM restore snapshot IDs and any crash dumps (SAP case used these artifacts)","28, 29, 39",,,,,,,,
49,"Run the small, quick validation steps (documented fixes used successfully before): gpupdate /force and re‑login for affected users (GPO printer missing case)",39,,,,,,,,
50,; re‑activate paused queues and restart jobs (TI‑1621044),27,,,,,,,,
51,; temporarily open RTP range for Zurich tests (documented successful test),23,,,,,,,,
52,; apply temporary SBC translation rule to validate new hotline delivery (TI‑1612036),8,,,,,,,,
53,"If you need carrier correlation for the hotline numbers, request carrier CDRs/SIP traces for the specific sample numbers and UTC windows — the indexed record shows carrier confirmation was used, but no carrier CDRs were attached in that case; asking the carrier for per‑call traces is the recommended next step when SBC logs need correlation",8,,,,,,,,
54,"The indexed knowledge set documents the kinds of root causes and the exact remediation steps that were effective in prior, similar incidents (examples and remediation recorded above). However, those records do NOT contain your site’s live logs, firewall diffs, SBC traces/pcaps, Exchange Event Log exports or the print‑server crash dumps needed to prove the root cause for your environment. Therefore I cannot conclusively declare a single change as the universal root cause from the indexed corpus — the records show multiple distinct change events (firewall/WAF edits, NAT/session timeout adjustments, tenant policy changes, SBC translation omissions, Windows update + VM restore) that in prior tickets caused different subsets of your symptoms","15, 23, 16, 8, 28",,,,,,,,
55,Practical conclusion (evidence‑based): do NOT treat this as first‑line only. The correct classification is second_level_support and you should escalate immediately to the engineering owners named above. Prior incidents with the same symptom breadth were escalated and resolved by those teams,"0, 8, 16, 23, 28",,,,,,,,
56,D365 / Report Designer & FRDB remediation and Microsoft escalation,"0, 11",,,,,,,,
57,Exchange SMTP AUTH / Event Log 535 and Conditional Access remediation,32,,,,,,,,
58,Teams presence / federation policy change and Get‑CsTenantFederationConfiguration checks,26,,,,,,,,
59,Zurich firewall RTP port blocking → temporary open → permanent fix per Direct‑Routing blueprint,23,,,,,,,,
60,Basel session timeout / SBC BYE at ~29–31s → NAT/session timeout alignment,16,,,,,,,,
61,New hotline / SBC translation omission → temporary translation rule → permanent routing update; carrier confirmed delivery to SBC (but records do not contain carrier CDR attachments),8,,,,,,,,
62,SAP printserver VM restore + spooler/network‑share corruption → disabling/re‑enabling share cleared backlog; spooler restart alone did not fix; crash dumps and forensic capture were requested in that prior case,"28, 29",,,,,,,,
